genre,filename,extension,status,duration_sec,sample_rate,size_bytes,error
blues,blues.00000.wav,.wav,正常,30.013,22050.0,1323632,
blues,blues.00001.wav,.wav,正常,30.013,22050.0,1323632,
blues,blues.00002.wav,.wav,正常,30.013,22050.0,1323632,
blues,blues.00003.wav,.wav,正常,30.013,22050.0,1323632,
blues,blues.00004.wav,.wav,正常,30.013,22050.0,1323632,
blues,blues.00005.wav,.wav,正常,30.013,22050.0,1323632,
blues,blues.00006.wav,.wav,正常,30.013,22050.0,1323632,
blues,blues.00007.wav,.wav,正常,30.013,22050.0,1323632,
blues,blues.00008.wav,.wav,正常,30.013,22050.0,1323632,
blues,blues.00009.wav,.wav,正常,30.013,22050.0,1323632,
blues,blues.00010.wav,.wav,正常,30.013,22050.0,1323632,
blues,blues.00011.wav,.wav,正常,30.013,22050.0,1323632,
blues,blues.00012.wav,.wav,正常,30.013,22050.0,1323632,
blues,blues.00013.wav,.wav,正常,30.013,22050.0,1323632,
blues,blues.00014.wav,.wav,正常,30.013,22050.0,1323632,
blues,blues.00015.wav,.wav,正常,30.013,22050.0,1323632,
blues,blues.00016.wav,.wav,正常,30.013,22050.0,1323632,
blues,blues.00017.wav,.wav,正常,30.013,22050.0,1323632,
blues,blues.00018.wav,.wav,正常,30.013,22050.0,1323632,
blues,blues.00019.wav,.wav,正常,30.013,22050.0,1323632,
blues,blues.00020.wav,.wav,正常,30.013,22050.0,1323632,
blues,blues.00021.wav,.wav,正常,30.013,22050.0,1323632,
blues,blues.00022.wav,.wav,正常,30.013,22050.0,1323632,
blues,blues.00023.wav,.wav,正常,30.013,22050.0,1323632,
blues,blues.00024.wav,.wav,正常,30.013,22050.0,1323632,
blues,blues.00025.wav,.wav,正常,30.013,22050.0,1323632,
blues,blues.00026.wav,.wav,正常,30.013,22050.0,1323632,
blues,blues.00027.wav,.wav,正常,30.013,22050.0,1323632,
blues,blues.00028.wav,.wav,正常,30.013,22050.0,1323632,
blues,blues.00029.wav,.wav,正常,30.013,22050.0,1323632,
blues,blues.00030.wav,.wav,正常,30.013,22050.0,1323632,
blues,blues.00031.wav,.wav,正常,30.013,22050.0,1323632,
blues,blues.00032.wav,.wav,正常,30.013,22050.0,1323632,
blues,blues.00033.wav,.wav,正常,30.013,22050.0,1323632,
blues,blues.00034.wav,.wav,正常,30.013,22050.0,1323632,
blues,blues.00035.wav,.wav,正常,30.013,22050.0,1323632,
blues,blues.00036.wav,.wav,正常,30.013,22050.0,1323632,
blues,blues.00037.wav,.wav,正常,30.013,22050.0,1323632,
blues,blues.00038.wav,.wav,正常,30.013,22050.0,1323632,
blues,blues.00039.wav,.wav,正常,30.013,22050.0,1323632,
blues,blues.00040.wav,.wav,正常,30.013,22050.0,1323632,
blues,blues.00041.wav,.wav,正常,30.013,22050.0,1323632,
blues,blues.00042.wav,.wav,正常,30.013,22050.0,1323632,
blues,blues.00043.wav,.wav,正常,30.013,22050.0,1323632,
blues,blues.00044.wav,.wav,正常,30.013,22050.0,1323632,
blues,blues.00045.wav,.wav,正常,30.013,22050.0,1323632,
blues,blues.00046.wav,.wav,正常,30.013,22050.0,1323632,
blues,blues.00047.wav,.wav,正常,30.013,22050.0,1323632,
blues,blues.00048.wav,.wav,正常,30.013,22050.0,1323632,
blues,blues.00049.wav,.wav,正常,30.013,22050.0,1323632,
blues,blues.00050.wav,.wav,正常,30.013,22050.0,1323632,
blues,blues.00051.wav,.wav,正常,30.013,22050.0,1323632,
blues,blues.00052.wav,.wav,正常,30.013,22050.0,1323632,
blues,blues.00053.wav,.wav,正常,30.013,22050.0,1323632,
blues,blues.00054.wav,.wav,正常,30.013,22050.0,1323632,
blues,blues.00055.wav,.wav,正常,30.013,22050.0,1323632,
blues,blues.00056.wav,.wav,正常,30.013,22050.0,1323632,
blues,blues.00057.wav,.wav,正常,30.013,22050.0,1323632,
blues,blues.00058.wav,.wav,正常,30.013,22050.0,1323632,
blues,blues.00059.wav,.wav,正常,30.013,22050.0,1323632,
blues,blues.00060.wav,.wav,正常,30.013,22050.0,1323632,
blues,blues.00061.wav,.wav,正常,30.013,22050.0,1323632,
blues,blues.00062.wav,.wav,正常,30.013,22050.0,1323632,
blues,blues.00063.wav,.wav,正常,30.013,22050.0,1323632,
blues,blues.00064.wav,.wav,正常,30.013,22050.0,1323632,
blues,blues.00065.wav,.wav,正常,30.013,22050.0,1323632,
blues,blues.00066.wav,.wav,正常,30.013,22050.0,1323632,
blues,blues.00067.wav,.wav,正常,30.013,22050.0,1323632,
blues,blues.00068.wav,.wav,正常,30.013,22050.0,1323632,
blues,blues.00069.wav,.wav,正常,30.013,22050.0,1323632,
blues,blues.00070.wav,.wav,正常,30.013,22050.0,1323632,
blues,blues.00071.wav,.wav,正常,30.013,22050.0,1323632,
blues,blues.00072.wav,.wav,正常,30.013,22050.0,1323632,
blues,blues.00073.wav,.wav,正常,30.013,22050.0,1323632,
blues,blues.00074.wav,.wav,正常,30.013,22050.0,1323632,
blues,blues.00075.wav,.wav,正常,30.013,22050.0,1323632,
blues,blues.00076.wav,.wav,正常,30.013,22050.0,1323632,
blues,blues.00077.wav,.wav,正常,30.013,22050.0,1323632,
blues,blues.00078.wav,.wav,正常,30.013,22050.0,1323632,
blues,blues.00079.wav,.wav,正常,30.013,22050.0,1323632,
blues,blues.00080.wav,.wav,正常,30.013,22050.0,1323632,
blues,blues.00081.wav,.wav,正常,30.013,22050.0,1323632,
blues,blues.00082.wav,.wav,正常,30.013,22050.0,1323632,
blues,blues.00083.wav,.wav,正常,30.013,22050.0,1323632,
blues,blues.00084.wav,.wav,正常,30.013,22050.0,1323632,
blues,blues.00085.wav,.wav,正常,30.013,22050.0,1323632,
blues,blues.00086.wav,.wav,正常,30.013,22050.0,1323632,
blues,blues.00087.wav,.wav,正常,30.013,22050.0,1323632,
blues,blues.00088.wav,.wav,正常,30.013,22050.0,1323632,
blues,blues.00089.wav,.wav,正常,30.013,22050.0,1323632,
blues,blues.00090.wav,.wav,正常,30.013,22050.0,1323632,
blues,blues.00091.wav,.wav,正常,30.013,22050.0,1323632,
blues,blues.00092.wav,.wav,正常,30.013,22050.0,1323632,
blues,blues.00093.wav,.wav,正常,30.013,22050.0,1323632,
blues,blues.00094.wav,.wav,正常,30.013,22050.0,1323632,
blues,blues.00095.wav,.wav,正常,30.013,22050.0,1323632,
blues,blues.00096.wav,.wav,正常,30.013,22050.0,1323632,
blues,blues.00097.wav,.wav,正常,30.013,22050.0,1323632,
blues,blues.00098.wav,.wav,正常,30.013,22050.0,1323632,
blues,blues.00099.wav,.wav,正常,30.013,22050.0,1323632,
classical,classical.00000.wav,.wav,正常,30.013,22050.0,1323632,
classical,classical.00001.wav,.wav,正常,30.013,22050.0,1323632,
classical,classical.00002.wav,.wav,正常,30.013,22050.0,1323632,
classical,classical.00003.wav,.wav,正常,30.013,22050.0,1323632,
classical,classical.00004.wav,.wav,正常,30.013,22050.0,1323632,
classical,classical.00005.wav,.wav,正常,30.013,22050.0,1323632,
classical,classical.00006.wav,.wav,正常,30.013,22050.0,1323632,
classical,classical.00007.wav,.wav,正常,30.013,22050.0,1323632,
classical,classical.00008.wav,.wav,正常,30.013,22050.0,1323632,
classical,classical.00009.wav,.wav,正常,30.013,22050.0,1323632,
classical,classical.00010.wav,.wav,正常,30.013,22050.0,1323632,
classical,classical.00011.wav,.wav,正常,30.013,22050.0,1323632,
classical,classical.00012.wav,.wav,正常,30.013,22050.0,1323632,
classical,classical.00013.wav,.wav,正常,30.013,22050.0,1323632,
classical,classical.00014.wav,.wav,正常,30.013,22050.0,1323632,
classical,classical.00015.wav,.wav,正常,30.013,22050.0,1323632,
classical,classical.00016.wav,.wav,正常,30.013,22050.0,1323632,
classical,classical.00017.wav,.wav,正常,30.013,22050.0,1323632,
classical,classical.00018.wav,.wav,正常,30.013,22050.0,1323632,
classical,classical.00019.wav,.wav,正常,30.013,22050.0,1323632,
classical,classical.00020.wav,.wav,正常,30.013,22050.0,1323632,
classical,classical.00021.wav,.wav,正常,30.013,22050.0,1323632,
classical,classical.00022.wav,.wav,正常,30.013,22050.0,1323632,
classical,classical.00023.wav,.wav,正常,30.013,22050.0,1323632,
classical,classical.00024.wav,.wav,正常,30.013,22050.0,1323632,
classical,classical.00025.wav,.wav,正常,30.013,22050.0,1323632,
classical,classical.00026.wav,.wav,正常,30.013,22050.0,1323632,
classical,classical.00027.wav,.wav,正常,30.013,22050.0,1323632,
classical,classical.00028.wav,.wav,正常,30.013,22050.0,1323632,
classical,classical.00029.wav,.wav,正常,30.013,22050.0,1323632,
classical,classical.00030.wav,.wav,正常,30.013,22050.0,1323632,
classical,classical.00031.wav,.wav,正常,30.013,22050.0,1323632,
classical,classical.00032.wav,.wav,正常,30.013,22050.0,1323632,
classical,classical.00033.wav,.wav,正常,30.013,22050.0,1323632,
classical,classical.00034.wav,.wav,正常,30.013,22050.0,1323632,
classical,classical.00035.wav,.wav,正常,30.013,22050.0,1323632,
classical,classical.00036.wav,.wav,正常,30.013,22050.0,1323632,
classical,classical.00037.wav,.wav,正常,30.013,22050.0,1323632,
classical,classical.00038.wav,.wav,正常,30.013,22050.0,1323632,
classical,classical.00039.wav,.wav,正常,30.013,22050.0,1323632,
classical,classical.00040.wav,.wav,正常,30.013,22050.0,1323632,
classical,classical.00041.wav,.wav,正常,30.013,22050.0,1323632,
classical,classical.00042.wav,.wav,正常,30.371,22050.0,1339404,
classical,classical.00043.wav,.wav,正常,30.008,22050.0,1323396,
classical,classical.00044.wav,.wav,正常,30.013,22050.0,1323632,
classical,classical.00045.wav,.wav,正常,30.171,22050.0,1330604,
classical,classical.00046.wav,.wav,正常,30.012,22050.0,1323564,
classical,classical.00047.wav,.wav,正常,30.013,22050.0,1323632,
classical,classical.00048.wav,.wav,正常,30.092,22050.0,1327084,
classical,classical.00049.wav,.wav,正常,29.996,22050.0,1322860,
classical,classical.00050.wav,.wav,正常,30.013,22050.0,1323632,
classical,classical.00051.wav,.wav,正常,29.993,22050.0,1322732,
classical,classical.00052.wav,.wav,正常,30.013,22050.0,1323632,
classical,classical.00053.wav,.wav,正常,30.391,22050.0,1340284,
classical,classical.00054.wav,.wav,正常,30.489,22050.0,1344608,
classical,classical.00055.wav,.wav,正常,30.013,22050.0,1323632,
classical,classical.00056.wav,.wav,正常,30.072,22050.0,1326204,
classical,classical.00057.wav,.wav,正常,30.013,22050.0,1323632,
classical,classical.00058.wav,.wav,正常,30.013,22050.0,1323632,
classical,classical.00059.wav,.wav,正常,30.013,22050.0,1323632,
classical,classical.00060.wav,.wav,正常,30.013,22050.0,1323632,
classical,classical.00061.wav,.wav,正常,30.013,22050.0,1323632,
classical,classical.00062.wav,.wav,正常,30.013,22050.0,1323632,
classical,classical.00063.wav,.wav,正常,30.013,22050.0,1323632,
classical,classical.00064.wav,.wav,正常,30.013,22050.0,1323632,
classical,classical.00065.wav,.wav,正常,30.013,22050.0,1323632,
classical,classical.00066.wav,.wav,正常,30.013,22050.0,1323632,
classical,classical.00067.wav,.wav,正常,30.013,22050.0,1323632,
classical,classical.00068.wav,.wav,正常,30.013,22050.0,1323632,
classical,classical.00069.wav,.wav,正常,30.013,22050.0,1323632,
classical,classical.00070.wav,.wav,正常,30.013,22050.0,1323632,
classical,classical.00071.wav,.wav,正常,30.013,22050.0,1323632,
classical,classical.00072.wav,.wav,正常,30.013,22050.0,1323632,
classical,classical.00073.wav,.wav,正常,30.013,22050.0,1323632,
classical,classical.00074.wav,.wav,正常,30.013,22050.0,1323632,
classical,classical.00075.wav,.wav,正常,30.013,22050.0,1323632,
classical,classical.00076.wav,.wav,正常,30.013,22050.0,1323632,
classical,classical.00077.wav,.wav,正常,30.013,22050.0,1323632,
classical,classical.00078.wav,.wav,正常,30.013,22050.0,1323632,
classical,classical.00079.wav,.wav,正常,30.013,22050.0,1323632,
classical,classical.00080.wav,.wav,正常,30.013,22050.0,1323632,
classical,classical.00081.wav,.wav,正常,30.013,22050.0,1323632,
classical,classical.00082.wav,.wav,正常,30.013,22050.0,1323632,
classical,classical.00083.wav,.wav,正常,30.013,22050.0,1323632,
classical,classical.00084.wav,.wav,正常,30.013,22050.0,1323632,
classical,classical.00085.wav,.wav,正常,30.013,22050.0,1323632,
classical,classical.00086.wav,.wav,正常,30.013,22050.0,1323632,
classical,classical.00087.wav,.wav,正常,30.013,22050.0,1323632,
classical,classical.00088.wav,.wav,正常,30.013,22050.0,1323632,
classical,classical.00089.wav,.wav,正常,30.013,22050.0,1323632,
classical,classical.00090.wav,.wav,正常,30.013,22050.0,1323632,
classical,classical.00091.wav,.wav,正常,30.013,22050.0,1323632,
classical,classical.00092.wav,.wav,正常,30.013,22050.0,1323632,
classical,classical.00093.wav,.wav,正常,30.013,22050.0,1323632,
classical,classical.00094.wav,.wav,正常,30.013,22050.0,1323632,
classical,classical.00095.wav,.wav,正常,30.013,22050.0,1323632,
classical,classical.00096.wav,.wav,正常,30.013,22050.0,1323632,
classical,classical.00097.wav,.wav,正常,30.013,22050.0,1323632,
classical,classical.00098.wav,.wav,正常,30.013,22050.0,1323632,
classical,classical.00099.wav,.wav,正常,30.013,22050.0,1323632,
country,country.00000.wav,.wav,正常,30.082,22050.0,1326644,
country,country.00001.wav,.wav,正常,30.012,22050.0,1323564,
country,country.00002.wav,.wav,正常,30.371,22050.0,1339404,
country,country.00003.wav,.wav,正常,29.996,22050.0,1322860,
country,country.00004.wav,.wav,正常,29.996,22050.0,1322860,
country,country.00005.wav,.wav,正常,30.241,22050.0,1333684,
country,country.00006.wav,.wav,正常,30.331,22050.0,1337644,
country,country.00007.wav,.wav,正常,29.982,22050.0,1322244,
country,country.00008.wav,.wav,正常,30.102,22050.0,1327524,
country,country.00009.wav,.wav,正常,30.082,22050.0,1326644,
country,country.00010.wav,.wav,正常,30.013,22050.0,1323632,
country,country.00011.wav,.wav,正常,30.013,22050.0,1323632,
country,country.00012.wav,.wav,正常,30.013,22050.0,1323632,
country,country.00013.wav,.wav,正常,30.013,22050.0,1323632,
country,country.00014.wav,.wav,正常,30.013,22050.0,1323632,
country,country.00015.wav,.wav,正常,30.013,22050.0,1323632,
country,country.00016.wav,.wav,正常,30.013,22050.0,1323632,
country,country.00017.wav,.wav,正常,30.013,22050.0,1323632,
country,country.00018.wav,.wav,正常,30.013,22050.0,1323632,
country,country.00019.wav,.wav,正常,30.013,22050.0,1323632,
country,country.00020.wav,.wav,正常,30.013,22050.0,1323632,
country,country.00021.wav,.wav,正常,30.013,22050.0,1323632,
country,country.00022.wav,.wav,正常,30.013,22050.0,1323632,
country,country.00023.wav,.wav,正常,30.013,22050.0,1323632,
country,country.00024.wav,.wav,正常,30.013,22050.0,1323632,
country,country.00025.wav,.wav,正常,30.013,22050.0,1323632,
country,country.00026.wav,.wav,正常,30.013,22050.0,1323632,
country,country.00027.wav,.wav,正常,30.013,22050.0,1323632,
country,country.00028.wav,.wav,正常,30.013,22050.0,1323632,
country,country.00029.wav,.wav,正常,30.013,22050.0,1323632,
country,country.00030.wav,.wav,正常,30.013,22050.0,1323632,
country,country.00031.wav,.wav,正常,30.013,22050.0,1323632,
country,country.00032.wav,.wav,正常,30.013,22050.0,1323632,
country,country.00033.wav,.wav,正常,30.013,22050.0,1323632,
country,country.00034.wav,.wav,正常,30.013,22050.0,1323632,
country,country.00035.wav,.wav,正常,30.013,22050.0,1323632,
country,country.00036.wav,.wav,正常,30.013,22050.0,1323632,
country,country.00037.wav,.wav,正常,30.013,22050.0,1323632,
country,country.00038.wav,.wav,正常,30.013,22050.0,1323632,
country,country.00039.wav,.wav,正常,30.013,22050.0,1323632,
country,country.00040.wav,.wav,正常,30.013,22050.0,1323632,
country,country.00041.wav,.wav,正常,30.013,22050.0,1323632,
country,country.00042.wav,.wav,正常,30.013,22050.0,1323632,
country,country.00043.wav,.wav,正常,30.013,22050.0,1323632,
country,country.00044.wav,.wav,正常,30.013,22050.0,1323632,
country,country.00045.wav,.wav,正常,30.013,22050.0,1323632,
country,country.00046.wav,.wav,正常,30.013,22050.0,1323632,
country,country.00047.wav,.wav,正常,30.013,22050.0,1323632,
country,country.00048.wav,.wav,正常,30.013,22050.0,1323632,
country,country.00049.wav,.wav,正常,30.013,22050.0,1323632,
country,country.00050.wav,.wav,正常,30.013,22050.0,1323632,
country,country.00051.wav,.wav,正常,30.013,22050.0,1323632,
country,country.00052.wav,.wav,正常,30.013,22050.0,1323632,
country,country.00053.wav,.wav,正常,30.013,22050.0,1323632,
country,country.00054.wav,.wav,正常,30.013,22050.0,1323632,
country,country.00055.wav,.wav,正常,30.013,22050.0,1323632,
country,country.00056.wav,.wav,正常,30.013,22050.0,1323632,
country,country.00057.wav,.wav,正常,30.013,22050.0,1323632,
country,country.00058.wav,.wav,正常,30.013,22050.0,1323632,
country,country.00059.wav,.wav,正常,30.013,22050.0,1323632,
country,country.00060.wav,.wav,正常,30.013,22050.0,1323632,
country,country.00061.wav,.wav,正常,30.013,22050.0,1323632,
country,country.00062.wav,.wav,正常,30.013,22050.0,1323632,
country,country.00063.wav,.wav,正常,30.013,22050.0,1323632,
country,country.00064.wav,.wav,正常,30.013,22050.0,1323632,
country,country.00065.wav,.wav,正常,30.013,22050.0,1323632,
country,country.00066.wav,.wav,正常,30.013,22050.0,1323632,
country,country.00067.wav,.wav,正常,30.013,22050.0,1323632,
country,country.00068.wav,.wav,正常,30.013,22050.0,1323632,
country,country.00069.wav,.wav,正常,30.013,22050.0,1323632,
country,country.00070.wav,.wav,正常,30.013,22050.0,1323632,
country,country.00071.wav,.wav,正常,30.013,22050.0,1323632,
country,country.00072.wav,.wav,正常,30.013,22050.0,1323632,
country,country.00073.wav,.wav,正常,30.013,22050.0,1323632,
country,country.00074.wav,.wav,正常,30.013,22050.0,1323632,
country,country.00075.wav,.wav,正常,30.013,22050.0,1323632,
country,country.00076.wav,.wav,正常,30.013,22050.0,1323632,
country,country.00077.wav,.wav,正常,30.013,22050.0,1323632,
country,country.00078.wav,.wav,正常,30.013,22050.0,1323632,
country,country.00079.wav,.wav,正常,30.013,22050.0,1323632,
country,country.00080.wav,.wav,正常,30.013,22050.0,1323632,
country,country.00081.wav,.wav,正常,30.013,22050.0,1323632,
country,country.00082.wav,.wav,正常,30.013,22050.0,1323632,
country,country.00083.wav,.wav,正常,30.013,22050.0,1323632,
country,country.00084.wav,.wav,正常,30.013,22050.0,1323632,
country,country.00085.wav,.wav,正常,30.013,22050.0,1323632,
country,country.00086.wav,.wav,正常,30.013,22050.0,1323632,
country,country.00087.wav,.wav,正常,30.013,22050.0,1323632,
country,country.00088.wav,.wav,正常,30.013,22050.0,1323632,
country,country.00089.wav,.wav,正常,30.013,22050.0,1323632,
country,country.00090.wav,.wav,正常,30.013,22050.0,1323632,
country,country.00091.wav,.wav,正常,30.013,22050.0,1323632,
country,country.00092.wav,.wav,正常,30.013,22050.0,1323632,
country,country.00093.wav,.wav,正常,30.013,22050.0,1323632,
country,country.00094.wav,.wav,正常,30.013,22050.0,1323632,
country,country.00095.wav,.wav,正常,30.013,22050.0,1323632,
country,country.00096.wav,.wav,正常,30.013,22050.0,1323632,
country,country.00097.wav,.wav,正常,30.013,22050.0,1323632,
country,country.00098.wav,.wav,正常,30.013,22050.0,1323632,
country,country.00099.wav,.wav,正常,30.013,22050.0,1323632,
disco,disco.00000.wav,.wav,正常,30.122,22050.0,1328404,
disco,disco.00001.wav,.wav,正常,30.211,22050.0,1332364,
disco,disco.00002.wav,.wav,正常,30.013,22050.0,1323632,
disco,disco.00003.wav,.wav,正常,30.301,22050.0,1336324,
disco,disco.00004.wav,.wav,正常,30.013,22050.0,1323632,
disco,disco.00005.wav,.wav,正常,30.291,22050.0,1335884,
disco,disco.00006.wav,.wav,正常,30.008,22050.0,1323396,
disco,disco.00007.wav,.wav,正常,30.013,22050.0,1323632,
disco,disco.00008.wav,.wav,正常,30.161,22050.0,1330164,
disco,disco.00009.wav,.wav,正常,30.013,22050.0,1323632,
disco,disco.00010.wav,.wav,正常,30.012,22050.0,1323564,
disco,disco.00011.wav,.wav,正常,30.013,22050.0,1323632,
disco,disco.00012.wav,.wav,正常,30.092,22050.0,1327084,
disco,disco.00013.wav,.wav,正常,30.013,22050.0,1323632,
disco,disco.00014.wav,.wav,正常,29.993,22050.0,1322732,
disco,disco.00015.wav,.wav,正常,30.013,22050.0,1323632,
disco,disco.00016.wav,.wav,正常,30.291,22050.0,1335884,
disco,disco.00017.wav,.wav,正常,30.013,22050.0,1323632,
disco,disco.00018.wav,.wav,正常,30.013,22050.0,1323632,
disco,disco.00019.wav,.wav,正常,30.013,22050.0,1323632,
disco,disco.00020.wav,.wav,正常,30.013,22050.0,1323632,
disco,disco.00021.wav,.wav,正常,30.013,22050.0,1323632,
disco,disco.00022.wav,.wav,正常,30.013,22050.0,1323632,
disco,disco.00023.wav,.wav,正常,30.013,22050.0,1323632,
disco,disco.00024.wav,.wav,正常,30.013,22050.0,1323632,
disco,disco.00025.wav,.wav,正常,30.013,22050.0,1323632,
disco,disco.00026.wav,.wav,正常,30.013,22050.0,1323632,
disco,disco.00027.wav,.wav,正常,30.013,22050.0,1323632,
disco,disco.00028.wav,.wav,正常,30.013,22050.0,1323632,
disco,disco.00029.wav,.wav,正常,30.013,22050.0,1323632,
disco,disco.00030.wav,.wav,正常,30.013,22050.0,1323632,
disco,disco.00031.wav,.wav,正常,30.013,22050.0,1323632,
disco,disco.00032.wav,.wav,正常,30.013,22050.0,1323632,
disco,disco.00033.wav,.wav,正常,30.013,22050.0,1323632,
disco,disco.00034.wav,.wav,正常,30.013,22050.0,1323632,
disco,disco.00035.wav,.wav,正常,30.013,22050.0,1323632,
disco,disco.00036.wav,.wav,正常,30.013,22050.0,1323632,
disco,disco.00037.wav,.wav,正常,30.013,22050.0,1323632,
disco,disco.00038.wav,.wav,正常,30.013,22050.0,1323632,
disco,disco.00039.wav,.wav,正常,30.013,22050.0,1323632,
disco,disco.00040.wav,.wav,正常,30.013,22050.0,1323632,
disco,disco.00041.wav,.wav,正常,30.013,22050.0,1323632,
disco,disco.00042.wav,.wav,正常,30.013,22050.0,1323632,
disco,disco.00043.wav,.wav,正常,30.013,22050.0,1323632,
disco,disco.00044.wav,.wav,正常,30.013,22050.0,1323632,
disco,disco.00045.wav,.wav,正常,30.013,22050.0,1323632,
disco,disco.00046.wav,.wav,正常,30.0,22050.0,1323052,
disco,disco.00047.wav,.wav,正常,30.0,22050.0,1323052,
disco,disco.00048.wav,.wav,正常,30.0,22050.0,1323052,
disco,disco.00049.wav,.wav,正常,30.0,22050.0,1323052,
disco,disco.00050.wav,.wav,正常,30.0,22050.0,1323052,
disco,disco.00051.wav,.wav,正常,30.0,22050.0,1323052,
disco,disco.00052.wav,.wav,正常,30.0,22050.0,1323052,
disco,disco.00053.wav,.wav,正常,30.0,22050.0,1323052,
disco,disco.00054.wav,.wav,正常,30.0,22050.0,1323052,
disco,disco.00055.wav,.wav,正常,30.0,22050.0,1323052,
disco,disco.00056.wav,.wav,正常,30.0,22050.0,1323052,
disco,disco.00057.wav,.wav,正常,30.0,22050.0,1323052,
disco,disco.00058.wav,.wav,正常,30.0,22050.0,1323052,
disco,disco.00059.wav,.wav,正常,30.0,22050.0,1323052,
disco,disco.00060.wav,.wav,正常,30.0,22050.0,1323052,
disco,disco.00061.wav,.wav,正常,30.0,22050.0,1323052,
disco,disco.00062.wav,.wav,正常,30.0,22050.0,1323052,
disco,disco.00063.wav,.wav,正常,30.0,22050.0,1323052,
disco,disco.00064.wav,.wav,正常,30.0,22050.0,1323052,
disco,disco.00065.wav,.wav,正常,30.0,22050.0,1323052,
disco,disco.00066.wav,.wav,正常,30.0,22050.0,1323052,
disco,disco.00067.wav,.wav,正常,30.0,22050.0,1323052,
disco,disco.00068.wav,.wav,正常,30.0,22050.0,1323052,
disco,disco.00069.wav,.wav,正常,30.0,22050.0,1323052,
disco,disco.00070.wav,.wav,正常,30.0,22050.0,1323052,
disco,disco.00071.wav,.wav,正常,30.0,22050.0,1323052,
disco,disco.00072.wav,.wav,正常,30.0,22050.0,1323052,
disco,disco.00073.wav,.wav,正常,30.0,22050.0,1323052,
disco,disco.00074.wav,.wav,正常,30.0,22050.0,1323052,
disco,disco.00075.wav,.wav,正常,30.0,22050.0,1323052,
disco,disco.00076.wav,.wav,正常,30.0,22050.0,1323052,
disco,disco.00077.wav,.wav,正常,30.0,22050.0,1323052,
disco,disco.00078.wav,.wav,正常,30.0,22050.0,1323052,
disco,disco.00079.wav,.wav,正常,30.0,22050.0,1323052,
disco,disco.00080.wav,.wav,正常,30.0,22050.0,1323052,
disco,disco.00081.wav,.wav,正常,30.0,22050.0,1323052,
disco,disco.00082.wav,.wav,正常,30.0,22050.0,1323052,
disco,disco.00083.wav,.wav,正常,30.0,22050.0,1323052,
disco,disco.00084.wav,.wav,正常,30.0,22050.0,1323052,
disco,disco.00085.wav,.wav,正常,30.0,22050.0,1323052,
disco,disco.00086.wav,.wav,正常,30.0,22050.0,1323052,
disco,disco.00087.wav,.wav,正常,30.0,22050.0,1323052,
disco,disco.00088.wav,.wav,正常,30.0,22050.0,1323052,
disco,disco.00089.wav,.wav,正常,30.0,22050.0,1323052,
disco,disco.00090.wav,.wav,正常,30.0,22050.0,1323052,
disco,disco.00091.wav,.wav,正常,30.0,22050.0,1323052,
disco,disco.00092.wav,.wav,正常,30.0,22050.0,1323052,
disco,disco.00093.wav,.wav,正常,30.0,22050.0,1323052,
disco,disco.00094.wav,.wav,正常,30.0,22050.0,1323052,
disco,disco.00095.wav,.wav,正常,30.0,22050.0,1323052,
disco,disco.00096.wav,.wav,正常,30.0,22050.0,1323052,
disco,disco.00097.wav,.wav,正常,30.0,22050.0,1323052,
disco,disco.00098.wav,.wav,正常,30.0,22050.0,1323052,
disco,disco.00099.wav,.wav,正常,30.0,22050.0,1323052,
hiphop,hiphop.00000.wav,.wav,正常,30.0,22050.0,1323052,
hiphop,hiphop.00001.wav,.wav,正常,30.0,22050.0,1323052,
hiphop,hiphop.00002.wav,.wav,正常,30.0,22050.0,1323052,
hiphop,hiphop.00003.wav,.wav,正常,30.0,22050.0,1323052,
hiphop,hiphop.00004.wav,.wav,正常,30.0,22050.0,1323052,
hiphop,hiphop.00005.wav,.wav,正常,30.0,22050.0,1323052,
hiphop,hiphop.00006.wav,.wav,正常,30.0,22050.0,1323052,
hiphop,hiphop.00007.wav,.wav,正常,30.0,22050.0,1323052,
hiphop,hiphop.00008.wav,.wav,正常,30.013,22050.0,1323632,
hiphop,hiphop.00009.wav,.wav,正常,30.013,22050.0,1323632,
hiphop,hiphop.00010.wav,.wav,正常,30.013,22050.0,1323632,
hiphop,hiphop.00011.wav,.wav,正常,30.013,22050.0,1323632,
hiphop,hiphop.00012.wav,.wav,正常,30.013,22050.0,1323632,
hiphop,hiphop.00013.wav,.wav,正常,30.013,22050.0,1323632,
hiphop,hiphop.00014.wav,.wav,正常,30.013,22050.0,1323632,
hiphop,hiphop.00015.wav,.wav,正常,30.013,22050.0,1323632,
hiphop,hiphop.00016.wav,.wav,正常,30.013,22050.0,1323632,
hiphop,hiphop.00017.wav,.wav,正常,30.013,22050.0,1323632,
hiphop,hiphop.00018.wav,.wav,正常,30.013,22050.0,1323632,
hiphop,hiphop.00019.wav,.wav,正常,30.013,22050.0,1323632,
hiphop,hiphop.00020.wav,.wav,正常,30.013,22050.0,1323632,
hiphop,hiphop.00021.wav,.wav,正常,30.013,22050.0,1323632,
hiphop,hiphop.00022.wav,.wav,正常,30.013,22050.0,1323632,
hiphop,hiphop.00023.wav,.wav,正常,30.013,22050.0,1323632,
hiphop,hiphop.00024.wav,.wav,正常,30.013,22050.0,1323632,
hiphop,hiphop.00025.wav,.wav,正常,30.013,22050.0,1323632,
hiphop,hiphop.00026.wav,.wav,正常,30.371,22050.0,1339404,
hiphop,hiphop.00027.wav,.wav,正常,30.132,22050.0,1328844,
hiphop,hiphop.00028.wav,.wav,正常,30.008,22050.0,1323396,
hiphop,hiphop.00029.wav,.wav,正常,30.351,22050.0,1338524,
hiphop,hiphop.00030.wav,.wav,正常,30.012,22050.0,1323564,
hiphop,hiphop.00031.wav,.wav,正常,29.996,22050.0,1322860,
hiphop,hiphop.00032.wav,.wav,正常,29.932,22050.0,1320044,
hiphop,hiphop.00033.wav,.wav,正常,30.171,22050.0,1330604,
hiphop,hiphop.00034.wav,.wav,正常,30.281,22050.0,1335444,
hiphop,hiphop.00035.wav,.wav,正常,30.301,22050.0,1336324,
hiphop,hiphop.00036.wav,.wav,时长异常,30.649,22050.0,1351660,时长 30.65s，偏离标准 30.0s 超过 0.5s
hiphop,hiphop.00037.wav,.wav,时长异常,30.649,22050.0,1351660,时长 30.65s，偏离标准 30.0s 超过 0.5s
hiphop,hiphop.00038.wav,.wav,时长异常,30.649,22050.0,1351660,时长 30.65s，偏离标准 30.0s 超过 0.5s
hiphop,hiphop.00039.wav,.wav,时长异常,30.649,22050.0,1351660,时长 30.65s，偏离标准 30.0s 超过 0.5s
hiphop,hiphop.00040.wav,.wav,时长异常,30.649,22050.0,1351660,时长 30.65s，偏离标准 30.0s 超过 0.5s
hiphop,hiphop.00041.wav,.wav,时长异常,30.649,22050.0,1351660,时长 30.65s，偏离标准 30.0s 超过 0.5s
hiphop,hiphop.00042.wav,.wav,时长异常,30.649,22050.0,1351660,时长 30.65s，偏离标准 30.0s 超过 0.5s
hiphop,hiphop.00043.wav,.wav,时长异常,30.649,22050.0,1351660,时长 30.65s，偏离标准 30.0s 超过 0.5s
hiphop,hiphop.00044.wav,.wav,时长异常,30.649,22050.0,1351660,时长 30.65s，偏离标准 30.0s 超过 0.5s
hiphop,hiphop.00045.wav,.wav,时长异常,30.649,22050.0,1351660,时长 30.65s，偏离标准 30.0s 超过 0.5s
hiphop,hiphop.00046.wav,.wav,正常,30.013,22050.0,1323632,
hiphop,hiphop.00047.wav,.wav,正常,30.013,22050.0,1323632,
hiphop,hiphop.00048.wav,.wav,正常,30.013,22050.0,1323632,
hiphop,hiphop.00049.wav,.wav,正常,30.013,22050.0,1323632,
hiphop,hiphop.00050.wav,.wav,正常,30.013,22050.0,1323632,
hiphop,hiphop.00051.wav,.wav,正常,30.013,22050.0,1323632,
hiphop,hiphop.00052.wav,.wav,正常,30.013,22050.0,1323632,
hiphop,hiphop.00053.wav,.wav,正常,30.013,22050.0,1323632,
hiphop,hiphop.00054.wav,.wav,正常,30.013,22050.0,1323632,
hiphop,hiphop.00055.wav,.wav,正常,30.013,22050.0,1323632,
hiphop,hiphop.00056.wav,.wav,正常,30.013,22050.0,1323632,
hiphop,hiphop.00057.wav,.wav,正常,30.013,22050.0,1323632,
hiphop,hiphop.00058.wav,.wav,正常,30.013,22050.0,1323632,
hiphop,hiphop.00059.wav,.wav,正常,30.013,22050.0,1323632,
hiphop,hiphop.00060.wav,.wav,正常,30.013,22050.0,1323632,
hiphop,hiphop.00061.wav,.wav,正常,30.013,22050.0,1323632,
hiphop,hiphop.00062.wav,.wav,正常,30.013,22050.0,1323632,
hiphop,hiphop.00063.wav,.wav,正常,30.013,22050.0,1323632,
hiphop,hiphop.00064.wav,.wav,正常,30.013,22050.0,1323632,
hiphop,hiphop.00065.wav,.wav,正常,30.013,22050.0,1323632,
hiphop,hiphop.00066.wav,.wav,正常,30.013,22050.0,1323632,
hiphop,hiphop.00067.wav,.wav,正常,30.013,22050.0,1323632,
hiphop,hiphop.00068.wav,.wav,正常,30.013,22050.0,1323632,
hiphop,hiphop.00069.wav,.wav,正常,30.013,22050.0,1323632,
hiphop,hiphop.00070.wav,.wav,正常,30.013,22050.0,1323632,
hiphop,hiphop.00071.wav,.wav,正常,30.013,22050.0,1323632,
hiphop,hiphop.00072.wav,.wav,正常,30.013,22050.0,1323632,
hiphop,hiphop.00073.wav,.wav,正常,30.013,22050.0,1323632,
hiphop,hiphop.00074.wav,.wav,正常,30.013,22050.0,1323632,
hiphop,hiphop.00075.wav,.wav,正常,30.013,22050.0,1323632,
hiphop,hiphop.00076.wav,.wav,正常,30.0,22050.0,1323052,
hiphop,hiphop.00077.wav,.wav,正常,30.0,22050.0,1323052,
hiphop,hiphop.00078.wav,.wav,正常,30.0,22050.0,1323052,
hiphop,hiphop.00079.wav,.wav,正常,30.0,22050.0,1323052,
hiphop,hiphop.00080.wav,.wav,正常,30.0,22050.0,1323052,
hiphop,hiphop.00081.wav,.wav,正常,30.013,22050.0,1323632,
hiphop,hiphop.00082.wav,.wav,正常,30.013,22050.0,1323632,
hiphop,hiphop.00083.wav,.wav,正常,30.013,22050.0,1323632,
hiphop,hiphop.00084.wav,.wav,正常,30.013,22050.0,1323632,
hiphop,hiphop.00085.wav,.wav,正常,30.013,22050.0,1323632,
hiphop,hiphop.00086.wav,.wav,正常,30.013,22050.0,1323632,
hiphop,hiphop.00087.wav,.wav,正常,30.013,22050.0,1323632,
hiphop,hiphop.00088.wav,.wav,正常,30.013,22050.0,1323632,
hiphop,hiphop.00089.wav,.wav,正常,30.013,22050.0,1323632,
hiphop,hiphop.00090.wav,.wav,正常,30.013,22050.0,1323632,
hiphop,hiphop.00091.wav,.wav,正常,30.013,22050.0,1323632,
hiphop,hiphop.00092.wav,.wav,正常,30.013,22050.0,1323632,
hiphop,hiphop.00093.wav,.wav,正常,30.013,22050.0,1323632,
hiphop,hiphop.00094.wav,.wav,正常,30.013,22050.0,1323632,
hiphop,hiphop.00095.wav,.wav,正常,30.013,22050.0,1323632,
hiphop,hiphop.00096.wav,.wav,正常,30.013,22050.0,1323632,
hiphop,hiphop.00097.wav,.wav,正常,30.013,22050.0,1323632,
hiphop,hiphop.00098.wav,.wav,正常,30.013,22050.0,1323632,
hiphop,hiphop.00099.wav,.wav,正常,30.0,22050.0,1323052,
jazz,jazz.00000.wav,.wav,正常,30.013,22050.0,1323632,
jazz,jazz.00001.wav,.wav,正常,30.013,22050.0,1323632,
jazz,jazz.00002.wav,.wav,正常,30.013,22050.0,1323632,
jazz,jazz.00003.wav,.wav,正常,30.013,22050.0,1323632,
jazz,jazz.00004.wav,.wav,正常,30.013,22050.0,1323632,
jazz,jazz.00005.wav,.wav,正常,30.013,22050.0,1323632,
jazz,jazz.00006.wav,.wav,正常,30.013,22050.0,1323632,
jazz,jazz.00007.wav,.wav,正常,30.013,22050.0,1323632,
jazz,jazz.00008.wav,.wav,正常,30.013,22050.0,1323632,
jazz,jazz.00009.wav,.wav,正常,30.013,22050.0,1323632,
jazz,jazz.00010.wav,.wav,正常,30.013,22050.0,1323632,
jazz,jazz.00011.wav,.wav,正常,30.013,22050.0,1323632,
jazz,jazz.00012.wav,.wav,正常,30.013,22050.0,1323632,
jazz,jazz.00013.wav,.wav,正常,30.013,22050.0,1323632,
jazz,jazz.00014.wav,.wav,正常,30.013,22050.0,1323632,
jazz,jazz.00015.wav,.wav,正常,30.013,22050.0,1323632,
jazz,jazz.00016.wav,.wav,正常,30.013,22050.0,1323632,
jazz,jazz.00017.wav,.wav,正常,30.013,22050.0,1323632,
jazz,jazz.00018.wav,.wav,正常,30.013,22050.0,1323632,
jazz,jazz.00019.wav,.wav,正常,30.013,22050.0,1323632,
jazz,jazz.00020.wav,.wav,正常,30.013,22050.0,1323632,
jazz,jazz.00021.wav,.wav,正常,30.013,22050.0,1323632,
jazz,jazz.00022.wav,.wav,正常,30.013,22050.0,1323632,
jazz,jazz.00023.wav,.wav,正常,30.013,22050.0,1323632,
jazz,jazz.00024.wav,.wav,正常,30.013,22050.0,1323632,
jazz,jazz.00025.wav,.wav,正常,30.013,22050.0,1323632,
jazz,jazz.00026.wav,.wav,正常,30.013,22050.0,1323632,
jazz,jazz.00027.wav,.wav,正常,30.013,22050.0,1323632,
jazz,jazz.00028.wav,.wav,正常,30.013,22050.0,1323632,
jazz,jazz.00029.wav,.wav,正常,30.013,22050.0,1323632,
jazz,jazz.00030.wav,.wav,正常,30.013,22050.0,1323632,
jazz,jazz.00031.wav,.wav,正常,30.013,22050.0,1323632,
jazz,jazz.00032.wav,.wav,正常,30.013,22050.0,1323632,
jazz,jazz.00033.wav,.wav,正常,30.013,22050.0,1323632,
jazz,jazz.00034.wav,.wav,正常,30.013,22050.0,1323632,
jazz,jazz.00035.wav,.wav,正常,30.013,22050.0,1323632,
jazz,jazz.00036.wav,.wav,正常,30.013,22050.0,1323632,
jazz,jazz.00037.wav,.wav,正常,30.013,22050.0,1323632,
jazz,jazz.00038.wav,.wav,正常,30.013,22050.0,1323632,
jazz,jazz.00039.wav,.wav,正常,30.013,22050.0,1323632,
jazz,jazz.00040.wav,.wav,正常,30.013,22050.0,1323632,
jazz,jazz.00041.wav,.wav,正常,30.013,22050.0,1323632,
jazz,jazz.00042.wav,.wav,正常,30.013,22050.0,1323632,
jazz,jazz.00043.wav,.wav,正常,30.013,22050.0,1323632,
jazz,jazz.00044.wav,.wav,正常,30.013,22050.0,1323632,
jazz,jazz.00045.wav,.wav,正常,30.013,22050.0,1323632,
jazz,jazz.00046.wav,.wav,正常,30.013,22050.0,1323632,
jazz,jazz.00047.wav,.wav,正常,30.013,22050.0,1323632,
jazz,jazz.00048.wav,.wav,正常,30.013,22050.0,1323632,
jazz,jazz.00049.wav,.wav,正常,30.008,22050.0,1323396,
jazz,jazz.00050.wav,.wav,正常,30.351,22050.0,1338524,
jazz,jazz.00051.wav,.wav,正常,30.013,22050.0,1323632,
jazz,jazz.00052.wav,.wav,正常,30.201,22050.0,1331924,
jazz,jazz.00053.wav,.wav,正常,30.013,22050.0,1323632,
jazz,jazz.00054.wav,.wav,损坏,,,1207592,NoBackendError: 
jazz,jazz.00055.wav,.wav,正常,30.013,22050.0,1323632,
jazz,jazz.00056.wav,.wav,正常,30.171,22050.0,1330604,
jazz,jazz.00057.wav,.wav,正常,30.013,22050.0,1323632,
jazz,jazz.00058.wav,.wav,正常,30.013,22050.0,1323632,
jazz,jazz.00059.wav,.wav,正常,30.481,22050.0,1344244,
jazz,jazz.00060.wav,.wav,正常,30.013,22050.0,1323632,
jazz,jazz.00061.wav,.wav,正常,30.241,22050.0,1333684,
jazz,jazz.00062.wav,.wav,正常,30.013,22050.0,1323632,
jazz,jazz.00063.wav,.wav,正常,30.351,22050.0,1338524,
jazz,jazz.00064.wav,.wav,正常,30.022,22050.0,1324004,
jazz,jazz.00065.wav,.wav,正常,30.013,22050.0,1323632,
jazz,jazz.00066.wav,.wav,正常,30.271,22050.0,1335004,
jazz,jazz.00067.wav,.wav,正常,30.013,22050.0,1323632,
jazz,jazz.00068.wav,.wav,正常,30.013,22050.0,1323632,
jazz,jazz.00069.wav,.wav,正常,30.013,22050.0,1323632,
jazz,jazz.00070.wav,.wav,正常,30.013,22050.0,1323632,
jazz,jazz.00071.wav,.wav,正常,30.013,22050.0,1323632,
jazz,jazz.00072.wav,.wav,正常,30.013,22050.0,1323632,
jazz,jazz.00073.wav,.wav,正常,30.013,22050.0,1323632,
jazz,jazz.00074.wav,.wav,正常,30.013,22050.0,1323632,
jazz,jazz.00075.wav,.wav,正常,30.013,22050.0,1323632,
jazz,jazz.00076.wav,.wav,正常,30.013,22050.0,1323632,
jazz,jazz.00077.wav,.wav,正常,30.013,22050.0,1323632,
jazz,jazz.00078.wav,.wav,正常,30.013,22050.0,1323632,
jazz,jazz.00079.wav,.wav,正常,30.013,22050.0,1323632,
jazz,jazz.00080.wav,.wav,正常,30.013,22050.0,1323632,
jazz,jazz.00081.wav,.wav,正常,30.013,22050.0,1323632,
jazz,jazz.00082.wav,.wav,正常,30.013,22050.0,1323632,
jazz,jazz.00083.wav,.wav,正常,30.013,22050.0,1323632,
jazz,jazz.00084.wav,.wav,正常,30.013,22050.0,1323632,
jazz,jazz.00085.wav,.wav,正常,30.013,22050.0,1323632,
jazz,jazz.00086.wav,.wav,正常,30.013,22050.0,1323632,
jazz,jazz.00087.wav,.wav,正常,30.013,22050.0,1323632,
jazz,jazz.00088.wav,.wav,正常,30.013,22050.0,1323632,
jazz,jazz.00089.wav,.wav,正常,30.013,22050.0,1323632,
jazz,jazz.00090.wav,.wav,正常,30.013,22050.0,1323632,
jazz,jazz.00091.wav,.wav,正常,30.013,22050.0,1323632,
jazz,jazz.00092.wav,.wav,正常,30.013,22050.0,1323632,
jazz,jazz.00093.wav,.wav,正常,30.013,22050.0,1323632,
jazz,jazz.00094.wav,.wav,正常,30.013,22050.0,1323632,
jazz,jazz.00095.wav,.wav,正常,30.013,22050.0,1323632,
jazz,jazz.00096.wav,.wav,正常,30.013,22050.0,1323632,
jazz,jazz.00097.wav,.wav,正常,30.013,22050.0,1323632,
jazz,jazz.00098.wav,.wav,正常,30.013,22050.0,1323632,
jazz,jazz.00099.wav,.wav,正常,30.013,22050.0,1323632,
metal,metal.00000.wav,.wav,正常,30.0,22050.0,1323052,
metal,metal.00001.wav,.wav,正常,30.0,22050.0,1323052,
metal,metal.00002.wav,.wav,正常,30.0,22050.0,1323052,
metal,metal.00003.wav,.wav,正常,30.0,22050.0,1323052,
metal,metal.00004.wav,.wav,正常,30.0,22050.0,1323052,
metal,metal.00005.wav,.wav,正常,30.0,22050.0,1323052,
metal,metal.00006.wav,.wav,正常,30.0,22050.0,1323052,
metal,metal.00007.wav,.wav,正常,30.0,22050.0,1323052,
metal,metal.00008.wav,.wav,正常,30.0,22050.0,1323052,
metal,metal.00009.wav,.wav,正常,30.0,22050.0,1323052,
metal,metal.00010.wav,.wav,正常,30.0,22050.0,1323052,
metal,metal.00011.wav,.wav,正常,30.0,22050.0,1323052,
metal,metal.00012.wav,.wav,正常,30.0,22050.0,1323052,
metal,metal.00013.wav,.wav,正常,30.0,22050.0,1323052,
metal,metal.00014.wav,.wav,正常,30.0,22050.0,1323052,
metal,metal.00015.wav,.wav,正常,30.0,22050.0,1323052,
metal,metal.00016.wav,.wav,正常,30.0,22050.0,1323052,
metal,metal.00017.wav,.wav,正常,30.0,22050.0,1323052,
metal,metal.00018.wav,.wav,正常,30.0,22050.0,1323052,
metal,metal.00019.wav,.wav,正常,30.0,22050.0,1323052,
metal,metal.00020.wav,.wav,正常,30.0,22050.0,1323052,
metal,metal.00021.wav,.wav,正常,30.0,22050.0,1323052,
metal,metal.00022.wav,.wav,正常,30.0,22050.0,1323052,
metal,metal.00023.wav,.wav,正常,30.0,22050.0,1323052,
metal,metal.00024.wav,.wav,正常,30.0,22050.0,1323052,
metal,metal.00025.wav,.wav,正常,30.0,22050.0,1323052,
metal,metal.00026.wav,.wav,正常,30.0,22050.0,1323052,
metal,metal.00027.wav,.wav,正常,30.0,22050.0,1323052,
metal,metal.00028.wav,.wav,正常,30.0,22050.0,1323052,
metal,metal.00029.wav,.wav,正常,30.0,22050.0,1323052,
metal,metal.00030.wav,.wav,正常,30.0,22050.0,1323052,
metal,metal.00031.wav,.wav,正常,30.0,22050.0,1323052,
metal,metal.00032.wav,.wav,正常,30.0,22050.0,1323052,
metal,metal.00033.wav,.wav,正常,30.0,22050.0,1323052,
metal,metal.00034.wav,.wav,正常,30.0,22050.0,1323052,
metal,metal.00035.wav,.wav,正常,30.0,22050.0,1323052,
metal,metal.00036.wav,.wav,正常,30.0,22050.0,1323052,
metal,metal.00037.wav,.wav,正常,30.0,22050.0,1323052,
metal,metal.00038.wav,.wav,正常,30.0,22050.0,1323052,
metal,metal.00039.wav,.wav,正常,30.0,22050.0,1323052,
metal,metal.00040.wav,.wav,正常,30.013,22050.0,1323632,
metal,metal.00041.wav,.wav,正常,30.013,22050.0,1323632,
metal,metal.00042.wav,.wav,正常,30.013,22050.0,1323632,
metal,metal.00043.wav,.wav,正常,30.013,22050.0,1323632,
metal,metal.00044.wav,.wav,正常,30.013,22050.0,1323632,
metal,metal.00045.wav,.wav,正常,30.013,22050.0,1323632,
metal,metal.00046.wav,.wav,正常,30.013,22050.0,1323632,
metal,metal.00047.wav,.wav,正常,30.013,22050.0,1323632,
metal,metal.00048.wav,.wav,正常,30.013,22050.0,1323632,
metal,metal.00049.wav,.wav,正常,30.013,22050.0,1323632,
metal,metal.00050.wav,.wav,正常,30.013,22050.0,1323632,
metal,metal.00051.wav,.wav,正常,30.013,22050.0,1323632,
metal,metal.00052.wav,.wav,正常,30.013,22050.0,1323632,
metal,metal.00053.wav,.wav,正常,30.013,22050.0,1323632,
metal,metal.00054.wav,.wav,正常,30.013,22050.0,1323632,
metal,metal.00055.wav,.wav,正常,30.013,22050.0,1323632,
metal,metal.00056.wav,.wav,正常,30.013,22050.0,1323632,
metal,metal.00057.wav,.wav,正常,30.013,22050.0,1323632,
metal,metal.00058.wav,.wav,正常,30.013,22050.0,1323632,
metal,metal.00059.wav,.wav,正常,30.013,22050.0,1323632,
metal,metal.00060.wav,.wav,正常,30.013,22050.0,1323632,
metal,metal.00061.wav,.wav,正常,30.013,22050.0,1323632,
metal,metal.00062.wav,.wav,正常,30.013,22050.0,1323632,
metal,metal.00063.wav,.wav,正常,30.013,22050.0,1323632,
metal,metal.00064.wav,.wav,正常,30.013,22050.0,1323632,
metal,metal.00065.wav,.wav,正常,30.013,22050.0,1323632,
metal,metal.00066.wav,.wav,正常,30.013,22050.0,1323632,
metal,metal.00067.wav,.wav,正常,30.0,22050.0,1323052,
metal,metal.00068.wav,.wav,正常,30.0,22050.0,1323052,
metal,metal.00069.wav,.wav,正常,30.0,22050.0,1323052,
metal,metal.00070.wav,.wav,正常,30.0,22050.0,1323052,
metal,metal.00071.wav,.wav,正常,30.0,22050.0,1323052,
metal,metal.00072.wav,.wav,正常,30.0,22050.0,1323052,
metal,metal.00073.wav,.wav,正常,30.0,22050.0,1323052,
metal,metal.00074.wav,.wav,正常,30.0,22050.0,1323052,
metal,metal.00075.wav,.wav,正常,30.0,22050.0,1323052,
metal,metal.00076.wav,.wav,正常,30.0,22050.0,1323052,
metal,metal.00077.wav,.wav,正常,30.0,22050.0,1323052,
metal,metal.00078.wav,.wav,正常,30.0,22050.0,1323052,
metal,metal.00079.wav,.wav,正常,30.0,22050.0,1323052,
metal,metal.00080.wav,.wav,正常,30.0,22050.0,1323052,
metal,metal.00081.wav,.wav,正常,30.0,22050.0,1323052,
metal,metal.00082.wav,.wav,正常,30.0,22050.0,1323052,
metal,metal.00083.wav,.wav,正常,30.0,22050.0,1323052,
metal,metal.00084.wav,.wav,正常,30.0,22050.0,1323052,
metal,metal.00085.wav,.wav,正常,30.0,22050.0,1323052,
metal,metal.00086.wav,.wav,正常,30.0,22050.0,1323052,
metal,metal.00087.wav,.wav,正常,30.0,22050.0,1323052,
metal,metal.00088.wav,.wav,正常,30.0,22050.0,1323052,
metal,metal.00089.wav,.wav,正常,30.0,22050.0,1323052,
metal,metal.00090.wav,.wav,正常,30.0,22050.0,1323052,
metal,metal.00091.wav,.wav,正常,30.0,22050.0,1323052,
metal,metal.00092.wav,.wav,正常,30.0,22050.0,1323052,
metal,metal.00093.wav,.wav,正常,30.0,22050.0,1323052,
metal,metal.00094.wav,.wav,正常,30.0,22050.0,1323052,
metal,metal.00095.wav,.wav,正常,30.013,22050.0,1323632,
metal,metal.00096.wav,.wav,正常,30.013,22050.0,1323632,
metal,metal.00097.wav,.wav,正常,30.013,22050.0,1323632,
metal,metal.00098.wav,.wav,正常,30.013,22050.0,1323632,
metal,metal.00099.wav,.wav,正常,30.013,22050.0,1323632,
pop,pop.00000.wav,.wav,正常,30.0,22050.0,1323052,
pop,pop.00001.wav,.wav,正常,30.0,22050.0,1323052,
pop,pop.00002.wav,.wav,正常,30.0,22050.0,1323052,
pop,pop.00003.wav,.wav,正常,30.0,22050.0,1323052,
pop,pop.00004.wav,.wav,正常,30.0,22050.0,1323052,
pop,pop.00005.wav,.wav,正常,30.0,22050.0,1323052,
pop,pop.00006.wav,.wav,正常,30.0,22050.0,1323052,
pop,pop.00007.wav,.wav,正常,30.0,22050.0,1323052,
pop,pop.00008.wav,.wav,正常,30.0,22050.0,1323052,
pop,pop.00009.wav,.wav,正常,30.0,22050.0,1323052,
pop,pop.00010.wav,.wav,正常,30.0,22050.0,1323052,
pop,pop.00011.wav,.wav,正常,30.0,22050.0,1323052,
pop,pop.00012.wav,.wav,正常,30.0,22050.0,1323052,
pop,pop.00013.wav,.wav,正常,30.0,22050.0,1323052,
pop,pop.00014.wav,.wav,正常,30.0,22050.0,1323052,
pop,pop.00015.wav,.wav,正常,30.0,22050.0,1323052,
pop,pop.00016.wav,.wav,正常,30.0,22050.0,1323052,
pop,pop.00017.wav,.wav,正常,30.0,22050.0,1323052,
pop,pop.00018.wav,.wav,正常,30.0,22050.0,1323052,
pop,pop.00019.wav,.wav,正常,30.0,22050.0,1323052,
pop,pop.00020.wav,.wav,正常,30.0,22050.0,1323052,
pop,pop.00021.wav,.wav,正常,30.0,22050.0,1323052,
pop,pop.00022.wav,.wav,正常,30.0,22050.0,1323052,
pop,pop.00023.wav,.wav,正常,30.0,22050.0,1323052,
pop,pop.00024.wav,.wav,正常,30.0,22050.0,1323052,
pop,pop.00025.wav,.wav,正常,30.0,22050.0,1323052,
pop,pop.00026.wav,.wav,正常,30.0,22050.0,1323052,
pop,pop.00027.wav,.wav,正常,30.0,22050.0,1323052,
pop,pop.00028.wav,.wav,正常,30.0,22050.0,1323052,
pop,pop.00029.wav,.wav,正常,30.0,22050.0,1323052,
pop,pop.00030.wav,.wav,正常,30.0,22050.0,1323052,
pop,pop.00031.wav,.wav,正常,30.0,22050.0,1323052,
pop,pop.00032.wav,.wav,正常,30.0,22050.0,1323052,
pop,pop.00033.wav,.wav,正常,30.0,22050.0,1323052,
pop,pop.00034.wav,.wav,正常,30.0,22050.0,1323052,
pop,pop.00035.wav,.wav,正常,30.0,22050.0,1323052,
pop,pop.00036.wav,.wav,正常,30.0,22050.0,1323052,
pop,pop.00037.wav,.wav,正常,30.0,22050.0,1323052,
pop,pop.00038.wav,.wav,正常,30.0,22050.0,1323052,
pop,pop.00039.wav,.wav,正常,30.0,22050.0,1323052,
pop,pop.00040.wav,.wav,正常,30.0,22050.0,1323052,
pop,pop.00041.wav,.wav,正常,30.0,22050.0,1323052,
pop,pop.00042.wav,.wav,正常,30.0,22050.0,1323052,
pop,pop.00043.wav,.wav,正常,30.0,22050.0,1323052,
pop,pop.00044.wav,.wav,正常,30.0,22050.0,1323052,
pop,pop.00045.wav,.wav,正常,30.0,22050.0,1323052,
pop,pop.00046.wav,.wav,正常,30.0,22050.0,1323052,
pop,pop.00047.wav,.wav,正常,30.0,22050.0,1323052,
pop,pop.00048.wav,.wav,正常,30.0,22050.0,1323052,
pop,pop.00049.wav,.wav,正常,30.0,22050.0,1323052,
pop,pop.00050.wav,.wav,正常,30.0,22050.0,1323052,
pop,pop.00051.wav,.wav,正常,30.0,22050.0,1323052,
pop,pop.00052.wav,.wav,正常,30.0,22050.0,1323052,
pop,pop.00053.wav,.wav,正常,30.0,22050.0,1323052,
pop,pop.00054.wav,.wav,正常,30.0,22050.0,1323052,
pop,pop.00055.wav,.wav,正常,30.0,22050.0,1323052,
pop,pop.00056.wav,.wav,正常,30.0,22050.0,1323052,
pop,pop.00057.wav,.wav,正常,30.0,22050.0,1323052,
pop,pop.00058.wav,.wav,正常,30.0,22050.0,1323052,
pop,pop.00059.wav,.wav,正常,30.0,22050.0,1323052,
pop,pop.00060.wav,.wav,正常,30.0,22050.0,1323052,
pop,pop.00061.wav,.wav,正常,30.0,22050.0,1323052,
pop,pop.00062.wav,.wav,正常,30.0,22050.0,1323052,
pop,pop.00063.wav,.wav,正常,30.0,22050.0,1323052,
pop,pop.00064.wav,.wav,正常,30.0,22050.0,1323052,
pop,pop.00065.wav,.wav,正常,30.0,22050.0,1323052,
pop,pop.00066.wav,.wav,正常,30.0,22050.0,1323052,
pop,pop.00067.wav,.wav,正常,30.0,22050.0,1323052,
pop,pop.00068.wav,.wav,正常,30.0,22050.0,1323052,
pop,pop.00069.wav,.wav,正常,30.0,22050.0,1323052,
pop,pop.00070.wav,.wav,正常,30.0,22050.0,1323052,
pop,pop.00071.wav,.wav,正常,30.0,22050.0,1323052,
pop,pop.00072.wav,.wav,正常,30.0,22050.0,1323052,
pop,pop.00073.wav,.wav,正常,30.0,22050.0,1323052,
pop,pop.00074.wav,.wav,正常,30.0,22050.0,1323052,
pop,pop.00075.wav,.wav,正常,30.0,22050.0,1323052,
pop,pop.00076.wav,.wav,正常,30.0,22050.0,1323052,
pop,pop.00077.wav,.wav,正常,30.0,22050.0,1323052,
pop,pop.00078.wav,.wav,正常,30.0,22050.0,1323052,
pop,pop.00079.wav,.wav,正常,30.0,22050.0,1323052,
pop,pop.00080.wav,.wav,正常,30.0,22050.0,1323052,
pop,pop.00081.wav,.wav,正常,30.0,22050.0,1323052,
pop,pop.00082.wav,.wav,正常,30.0,22050.0,1323052,
pop,pop.00083.wav,.wav,正常,30.0,22050.0,1323052,
pop,pop.00084.wav,.wav,正常,30.0,22050.0,1323052,
pop,pop.00085.wav,.wav,正常,30.0,22050.0,1323052,
pop,pop.00086.wav,.wav,正常,30.0,22050.0,1323052,
pop,pop.00087.wav,.wav,正常,30.0,22050.0,1323052,
pop,pop.00088.wav,.wav,正常,30.0,22050.0,1323052,
pop,pop.00089.wav,.wav,正常,30.0,22050.0,1323052,
pop,pop.00090.wav,.wav,正常,30.0,22050.0,1323052,
pop,pop.00091.wav,.wav,正常,30.0,22050.0,1323052,
pop,pop.00092.wav,.wav,正常,30.0,22050.0,1323052,
pop,pop.00093.wav,.wav,正常,30.0,22050.0,1323052,
pop,pop.00094.wav,.wav,正常,30.0,22050.0,1323052,
pop,pop.00095.wav,.wav,正常,30.0,22050.0,1323052,
pop,pop.00096.wav,.wav,正常,30.0,22050.0,1323052,
pop,pop.00097.wav,.wav,正常,30.0,22050.0,1323052,
pop,pop.00098.wav,.wav,正常,30.0,22050.0,1323052,
pop,pop.00099.wav,.wav,正常,30.0,22050.0,1323052,
reggae,reggae.00000.wav,.wav,正常,30.013,22050.0,1323632,
reggae,reggae.00001.wav,.wav,正常,30.013,22050.0,1323632,
reggae,reggae.00002.wav,.wav,正常,30.013,22050.0,1323632,
reggae,reggae.00003.wav,.wav,正常,30.013,22050.0,1323632,
reggae,reggae.00004.wav,.wav,正常,30.013,22050.0,1323632,
reggae,reggae.00005.wav,.wav,正常,30.013,22050.0,1323632,
reggae,reggae.00006.wav,.wav,正常,30.013,22050.0,1323632,
reggae,reggae.00007.wav,.wav,正常,30.013,22050.0,1323632,
reggae,reggae.00008.wav,.wav,正常,30.013,22050.0,1323632,
reggae,reggae.00009.wav,.wav,正常,30.013,22050.0,1323632,
reggae,reggae.00010.wav,.wav,正常,30.013,22050.0,1323632,
reggae,reggae.00011.wav,.wav,正常,30.013,22050.0,1323632,
reggae,reggae.00012.wav,.wav,正常,30.013,22050.0,1323632,
reggae,reggae.00013.wav,.wav,正常,30.013,22050.0,1323632,
reggae,reggae.00014.wav,.wav,正常,30.013,22050.0,1323632,
reggae,reggae.00015.wav,.wav,正常,30.013,22050.0,1323632,
reggae,reggae.00016.wav,.wav,正常,30.013,22050.0,1323632,
reggae,reggae.00017.wav,.wav,正常,30.013,22050.0,1323632,
reggae,reggae.00018.wav,.wav,正常,30.013,22050.0,1323632,
reggae,reggae.00019.wav,.wav,正常,30.013,22050.0,1323632,
reggae,reggae.00020.wav,.wav,正常,30.013,22050.0,1323632,
reggae,reggae.00021.wav,.wav,正常,30.013,22050.0,1323632,
reggae,reggae.00022.wav,.wav,正常,30.013,22050.0,1323632,
reggae,reggae.00023.wav,.wav,正常,30.013,22050.0,1323632,
reggae,reggae.00024.wav,.wav,正常,30.013,22050.0,1323632,
reggae,reggae.00025.wav,.wav,正常,30.013,22050.0,1323632,
reggae,reggae.00026.wav,.wav,正常,30.013,22050.0,1323632,
reggae,reggae.00027.wav,.wav,正常,30.013,22050.0,1323632,
reggae,reggae.00028.wav,.wav,正常,30.013,22050.0,1323632,
reggae,reggae.00029.wav,.wav,正常,30.013,22050.0,1323632,
reggae,reggae.00030.wav,.wav,正常,30.013,22050.0,1323632,
reggae,reggae.00031.wav,.wav,正常,30.013,22050.0,1323632,
reggae,reggae.00032.wav,.wav,正常,30.013,22050.0,1323632,
reggae,reggae.00033.wav,.wav,正常,30.013,22050.0,1323632,
reggae,reggae.00034.wav,.wav,正常,30.013,22050.0,1323632,
reggae,reggae.00035.wav,.wav,正常,30.013,22050.0,1323632,
reggae,reggae.00036.wav,.wav,正常,30.013,22050.0,1323632,
reggae,reggae.00037.wav,.wav,正常,30.013,22050.0,1323632,
reggae,reggae.00038.wav,.wav,正常,30.013,22050.0,1323632,
reggae,reggae.00039.wav,.wav,正常,30.013,22050.0,1323632,
reggae,reggae.00040.wav,.wav,正常,30.013,22050.0,1323632,
reggae,reggae.00041.wav,.wav,正常,30.0,22050.0,1323052,
reggae,reggae.00042.wav,.wav,正常,30.0,22050.0,1323052,
reggae,reggae.00043.wav,.wav,正常,30.0,22050.0,1323052,
reggae,reggae.00044.wav,.wav,正常,30.0,22050.0,1323052,
reggae,reggae.00045.wav,.wav,正常,30.0,22050.0,1323052,
reggae,reggae.00046.wav,.wav,正常,30.0,22050.0,1323052,
reggae,reggae.00047.wav,.wav,正常,30.0,22050.0,1323052,
reggae,reggae.00048.wav,.wav,正常,30.0,22050.0,1323052,
reggae,reggae.00049.wav,.wav,正常,30.0,22050.0,1323052,
reggae,reggae.00050.wav,.wav,正常,30.0,22050.0,1323052,
reggae,reggae.00051.wav,.wav,正常,30.0,22050.0,1323052,
reggae,reggae.00052.wav,.wav,正常,30.0,22050.0,1323052,
reggae,reggae.00053.wav,.wav,正常,30.0,22050.0,1323052,
reggae,reggae.00054.wav,.wav,正常,30.0,22050.0,1323052,
reggae,reggae.00055.wav,.wav,正常,30.0,22050.0,1323052,
reggae,reggae.00056.wav,.wav,正常,30.0,22050.0,1323052,
reggae,reggae.00057.wav,.wav,正常,30.0,22050.0,1323052,
reggae,reggae.00058.wav,.wav,正常,30.0,22050.0,1323052,
reggae,reggae.00059.wav,.wav,正常,30.0,22050.0,1323052,
reggae,reggae.00060.wav,.wav,正常,30.0,22050.0,1323052,
reggae,reggae.00061.wav,.wav,正常,30.0,22050.0,1323052,
reggae,reggae.00062.wav,.wav,正常,30.0,22050.0,1323052,
reggae,reggae.00063.wav,.wav,正常,30.0,22050.0,1323052,
reggae,reggae.00064.wav,.wav,正常,30.0,22050.0,1323052,
reggae,reggae.00065.wav,.wav,正常,30.0,22050.0,1323052,
reggae,reggae.00066.wav,.wav,正常,30.0,22050.0,1323052,
reggae,reggae.00067.wav,.wav,正常,30.0,22050.0,1323052,
reggae,reggae.00068.wav,.wav,正常,30.0,22050.0,1323052,
reggae,reggae.00069.wav,.wav,正常,30.0,22050.0,1323052,
reggae,reggae.00070.wav,.wav,正常,30.0,22050.0,1323052,
reggae,reggae.00071.wav,.wav,正常,30.0,22050.0,1323052,
reggae,reggae.00072.wav,.wav,正常,30.0,22050.0,1323052,
reggae,reggae.00073.wav,.wav,正常,30.0,22050.0,1323052,
reggae,reggae.00074.wav,.wav,正常,30.0,22050.0,1323052,
reggae,reggae.00075.wav,.wav,正常,30.0,22050.0,1323052,
reggae,reggae.00076.wav,.wav,正常,30.0,22050.0,1323052,
reggae,reggae.00077.wav,.wav,正常,30.0,22050.0,1323052,
reggae,reggae.00078.wav,.wav,正常,30.0,22050.0,1323052,
reggae,reggae.00079.wav,.wav,正常,30.0,22050.0,1323052,
reggae,reggae.00080.wav,.wav,正常,30.0,22050.0,1323052,
reggae,reggae.00081.wav,.wav,正常,30.0,22050.0,1323052,
reggae,reggae.00082.wav,.wav,正常,30.0,22050.0,1323052,
reggae,reggae.00083.wav,.wav,正常,30.0,22050.0,1323052,
reggae,reggae.00084.wav,.wav,正常,30.0,22050.0,1323052,
reggae,reggae.00085.wav,.wav,正常,30.0,22050.0,1323052,
reggae,reggae.00086.wav,.wav,正常,30.0,22050.0,1323052,
reggae,reggae.00087.wav,.wav,正常,30.0,22050.0,1323052,
reggae,reggae.00088.wav,.wav,正常,30.0,22050.0,1323052,
reggae,reggae.00089.wav,.wav,正常,30.0,22050.0,1323052,
reggae,reggae.00090.wav,.wav,正常,30.0,22050.0,1323052,
reggae,reggae.00091.wav,.wav,正常,30.0,22050.0,1323052,
reggae,reggae.00092.wav,.wav,正常,30.0,22050.0,1323052,
reggae,reggae.00093.wav,.wav,正常,30.0,22050.0,1323052,
reggae,reggae.00094.wav,.wav,正常,30.0,22050.0,1323052,
reggae,reggae.00095.wav,.wav,正常,30.0,22050.0,1323052,
reggae,reggae.00096.wav,.wav,正常,30.0,22050.0,1323052,
reggae,reggae.00097.wav,.wav,正常,30.0,22050.0,1323052,
reggae,reggae.00098.wav,.wav,正常,30.0,22050.0,1323052,
reggae,reggae.00099.wav,.wav,正常,30.0,22050.0,1323052,
rock,rock.00000.wav,.wav,正常,30.013,22050.0,1323632,
rock,rock.00001.wav,.wav,正常,30.013,22050.0,1323632,
rock,rock.00002.wav,.wav,正常,30.013,22050.0,1323632,
rock,rock.00003.wav,.wav,正常,30.013,22050.0,1323632,
rock,rock.00004.wav,.wav,正常,30.013,22050.0,1323632,
rock,rock.00005.wav,.wav,正常,30.013,22050.0,1323632,
rock,rock.00006.wav,.wav,正常,30.013,22050.0,1323632,
rock,rock.00007.wav,.wav,正常,30.013,22050.0,1323632,
rock,rock.00008.wav,.wav,正常,30.013,22050.0,1323632,
rock,rock.00009.wav,.wav,正常,30.013,22050.0,1323632,
rock,rock.00010.wav,.wav,正常,30.013,22050.0,1323632,
rock,rock.00011.wav,.wav,正常,30.013,22050.0,1323632,
rock,rock.00012.wav,.wav,正常,30.013,22050.0,1323632,
rock,rock.00013.wav,.wav,正常,30.013,22050.0,1323632,
rock,rock.00014.wav,.wav,正常,30.013,22050.0,1323632,
rock,rock.00015.wav,.wav,正常,30.013,22050.0,1323632,
rock,rock.00016.wav,.wav,正常,30.013,22050.0,1323632,
rock,rock.00017.wav,.wav,正常,30.013,22050.0,1323632,
rock,rock.00018.wav,.wav,正常,30.013,22050.0,1323632,
rock,rock.00019.wav,.wav,正常,30.013,22050.0,1323632,
rock,rock.00020.wav,.wav,正常,30.013,22050.0,1323632,
rock,rock.00021.wav,.wav,正常,30.013,22050.0,1323632,
rock,rock.00022.wav,.wav,正常,30.013,22050.0,1323632,
rock,rock.00023.wav,.wav,正常,30.013,22050.0,1323632,
rock,rock.00024.wav,.wav,正常,30.013,22050.0,1323632,
rock,rock.00025.wav,.wav,正常,30.013,22050.0,1323632,
rock,rock.00026.wav,.wav,正常,30.013,22050.0,1323632,
rock,rock.00027.wav,.wav,正常,30.0,22050.0,1323044,
rock,rock.00028.wav,.wav,正常,30.013,22050.0,1323632,
rock,rock.00029.wav,.wav,正常,30.013,22050.0,1323632,
rock,rock.00030.wav,.wav,正常,30.013,22050.0,1323632,
rock,rock.00031.wav,.wav,正常,30.013,22050.0,1323632,
rock,rock.00032.wav,.wav,正常,30.401,22050.0,1340724,
rock,rock.00033.wav,.wav,正常,30.013,22050.0,1323632,
rock,rock.00034.wav,.wav,正常,30.361,22050.0,1338964,
rock,rock.00035.wav,.wav,正常,30.013,22050.0,1323632,
rock,rock.00036.wav,.wav,正常,30.291,22050.0,1335884,
rock,rock.00037.wav,.wav,正常,30.013,22050.0,1323632,
rock,rock.00038.wav,.wav,正常,29.996,22050.0,1322860,
rock,rock.00039.wav,.wav,正常,30.013,22050.0,1323632,
rock,rock.00040.wav,.wav,正常,30.013,22050.0,1323632,
rock,rock.00041.wav,.wav,正常,30.013,22050.0,1323632,
rock,rock.00042.wav,.wav,正常,30.013,22050.0,1323632,
rock,rock.00043.wav,.wav,正常,30.013,22050.0,1323632,
rock,rock.00044.wav,.wav,正常,30.013,22050.0,1323632,
rock,rock.00045.wav,.wav,正常,30.013,22050.0,1323632,
rock,rock.00046.wav,.wav,正常,30.013,22050.0,1323632,
rock,rock.00047.wav,.wav,正常,30.013,22050.0,1323632,
rock,rock.00048.wav,.wav,正常,30.013,22050.0,1323632,
rock,rock.00049.wav,.wav,正常,30.013,22050.0,1323632,
rock,rock.00050.wav,.wav,正常,30.013,22050.0,1323632,
rock,rock.00051.wav,.wav,正常,30.013,22050.0,1323632,
rock,rock.00052.wav,.wav,正常,30.013,22050.0,1323632,
rock,rock.00053.wav,.wav,正常,30.013,22050.0,1323632,
rock,rock.00054.wav,.wav,正常,30.013,22050.0,1323632,
rock,rock.00055.wav,.wav,正常,30.013,22050.0,1323632,
rock,rock.00056.wav,.wav,正常,30.013,22050.0,1323632,
rock,rock.00057.wav,.wav,正常,30.013,22050.0,1323632,
rock,rock.00058.wav,.wav,正常,30.013,22050.0,1323632,
rock,rock.00059.wav,.wav,正常,30.013,22050.0,1323632,
rock,rock.00060.wav,.wav,正常,30.013,22050.0,1323632,
rock,rock.00061.wav,.wav,正常,30.013,22050.0,1323632,
rock,rock.00062.wav,.wav,正常,30.013,22050.0,1323632,
rock,rock.00063.wav,.wav,正常,30.013,22050.0,1323632,
rock,rock.00064.wav,.wav,正常,30.013,22050.0,1323632,
rock,rock.00065.wav,.wav,正常,30.013,22050.0,1323632,
rock,rock.00066.wav,.wav,正常,30.013,22050.0,1323632,
rock,rock.00067.wav,.wav,正常,30.013,22050.0,1323632,
rock,rock.00068.wav,.wav,正常,30.013,22050.0,1323632,
rock,rock.00069.wav,.wav,正常,30.013,22050.0,1323632,
rock,rock.00070.wav,.wav,正常,30.013,22050.0,1323632,
rock,rock.00071.wav,.wav,正常,30.013,22050.0,1323632,
rock,rock.00072.wav,.wav,正常,30.013,22050.0,1323632,
rock,rock.00073.wav,.wav,正常,30.013,22050.0,1323632,
rock,rock.00074.wav,.wav,正常,30.013,22050.0,1323632,
rock,rock.00075.wav,.wav,正常,30.013,22050.0,1323632,
rock,rock.00076.wav,.wav,正常,30.013,22050.0,1323632,
rock,rock.00077.wav,.wav,正常,30.013,22050.0,1323632,
rock,rock.00078.wav,.wav,正常,30.013,22050.0,1323632,
rock,rock.00079.wav,.wav,正常,30.013,22050.0,1323632,
rock,rock.00080.wav,.wav,正常,30.013,22050.0,1323632,
rock,rock.00081.wav,.wav,正常,30.013,22050.0,1323632,
rock,rock.00082.wav,.wav,正常,30.013,22050.0,1323632,
rock,rock.00083.wav,.wav,正常,30.013,22050.0,1323632,
rock,rock.00084.wav,.wav,正常,30.013,22050.0,1323632,
rock,rock.00085.wav,.wav,正常,30.013,22050.0,1323632,
rock,rock.00086.wav,.wav,正常,30.013,22050.0,1323632,
rock,rock.00087.wav,.wav,正常,30.013,22050.0,1323632,
rock,rock.00088.wav,.wav,正常,30.013,22050.0,1323632,
rock,rock.00089.wav,.wav,正常,30.013,22050.0,1323632,
rock,rock.00090.wav,.wav,正常,30.013,22050.0,1323632,
rock,rock.00091.wav,.wav,正常,30.013,22050.0,1323632,
rock,rock.00092.wav,.wav,正常,30.013,22050.0,1323632,
rock,rock.00093.wav,.wav,正常,30.013,22050.0,1323632,
rock,rock.00094.wav,.wav,正常,30.013,22050.0,1323632,
rock,rock.00095.wav,.wav,正常,30.013,22050.0,1323632,
rock,rock.00096.wav,.wav,正常,30.013,22050.0,1323632,
rock,rock.00097.wav,.wav,正常,30.013,22050.0,1323632,
rock,rock.00098.wav,.wav,正常,30.013,22050.0,1323632,
rock,rock.00099.wav,.wav,正常,30.013,22050.0,1323632,
