,feature,importance
0,contrast_4,0.07656217345728933
1,contrast_5,0.07565402315112742
2,rms,0.06606340943703706
3,mfcc_4,0.04131895440967288
4,mfcc_1,0.040530943689237486
5,spectral_rolloff,0.03852715583951504
6,mfcc_3,0.036278116537289705
7,contrast_1,0.033697601173861634
8,mfcc_9,0.03152581836684925
9,contrast_7,0.03152529191564148
10,contrast_3,0.02993250813483284
11,mfcc_13,0.02990377094924629
12,spectral_centroid,0.025342673866668674
13,contrast_6,0.02466618730459922
14,mfcc_11,0.02443780404810492
15,mfcc_8,0.02331140666701843
16,mfcc_6,0.022952759881087085
17,mfcc_2,0.021880865342011724
18,chroma_2,0.02122322494831638
19,zero_crossing_rate,0.02017910774375579
20,chroma_10,0.02010661162226006
21,mfcc_7,0.0200336898493169
22,chroma_12,0.01998824574408615
23,chroma_7,0.019745608536542454
24,mfcc_5,0.01830723295963572
25,chroma_1,0.01804006946142676
26,chroma_6,0.017748832938177004
27,contrast_2,0.01769259895975257
28,tempo,0.01690553156015267
29,chroma_5,0.016167579004360555
30,chroma_9,0.01612563397543631
31,chroma_11,0.015301990146843466
32,mfcc_12,0.014867937061357936
33,mfcc_10,0.014533789488465742
34,chroma_8,0.013534265462204929
35,chroma_4,0.013394655369685177
36,chroma_3,0.011991930997132841
